category,subreddit,link,subreddit_name
Injustices,Wikileaks,/r/Wikileaks,Wikileaks
Injustices,Endless War,/r/EndlessWar,EndlessWar
Injustices,Collapse,/r/collapse,collapse
Injustices,Post Collapse,/r/postcollapse,postcollapse
Injustices,Social Engineering,/r/SocialEngineering,SocialEngineering
Injustices,Propaganda,/r/propaganda,propaganda
Injustices,Descent Into Tyranny,/r/DescentIntoTyranny/,DescentIntoTyranny
Injustices,Military Conspiracy,http://www.reddit.com/r/MilitaryConspiracy/,MilitaryConspiracy
Injustices,Bad Cop No Donut,http://www.reddit.com/r/Bad_Cop_No_Donut,Bad_Cop_No_Donut
Injustices,Palestine,/r/Palestine,Palestine
Information,Missing 411,/r/Missing411/,Missing411
Information,Israel Exposed,/r/israelexposed,israelexposed
Information,911 Truth,/r/911truth,911truth
Information,Politics Uncensored,/r/politic,politic
Information,Conspiracy Fact,/r/conspiracyfact,conspiracyfact
Information,PermaCulture,/r/permaculture,permaculture
Information,Documentaries,/r/conspiracydocumentary,conspiracydocumentary
Information,Politics1,/r/politics1,politics1
Information,United We Stand,http://www.reddit.com/r/unitedwestand,unitedwestand
Information,The Survival Guide,/r/TheSurvivalGuide,TheSurvivalGuide
Information,altnewz,https://www.reddit.com/r/altnewz/,altnewz
Intelligence,Intelligence,/r/Intelligence,Intelligence
Intelligence,NSA Leaks,http://www.reddit.com/r/NSALeaks,NSALeaks
Intelligence,False Flag Watch,/r/falseflagwatch,falseflagwatch
Intelligence,Privacy,/r/privacy/,privacy
Intelligence,Subliminals,/r/Subliminal,Subliminal
Intelligence,Activism,/r/activism,activism
Intelligence,Agenda 21,/r/UNAgenda21,UNAgenda21
Other,UFOs,/r/ufos,ufos
Other,Paranormal,/r/Paranormal,Paranormal
Other,Critical Shower Thoughts,/r/C_S_T,C_S_T
Other,Natural Remedies,/r/naturalremedies,naturalremedies
Other,Shills,/r/Shills,Shills
Other,Rome Rules,/r/RomeRules,RomeRules
Other,Conspiracy Memes,/r/conspiracymemes,conspiracymemes
Other,Psychonaut,/r/Psychonaut,Psychonaut
Other,Fringe Theory,/r/fringetheory,fringetheory
Conspiracy,conspiracy,r/conspiracy/,conspiracy
